<?xml version="1.0" encoding="UTF-8"?>
<root>
  <item name="org.alex.helper.RecyclerViewHelper void layoutManager(int, int) 0">
    <annotation name="android.support.annotation.IntDef">
      <val name="value" val="{org.alex.helper.recycler.LayoutType.HLinearLayout, org.alex.helper.recycler.LayoutType.VLinearLayout, org.alex.helper.recycler.LayoutType.GridLayout, org.alex.helper.recycler.LayoutType.HStaggeredGridLayout, org.alex.helper.recycler.LayoutType.VStaggeredGridLayout}" />
    </annotation>
  </item>
  <item name="org.alex.helper.RecyclerViewHelper.Builder org.alex.helper.RecyclerViewHelper.Builder layoutManager(int) 0">
    <annotation name="android.support.annotation.IntDef">
      <val name="value" val="{org.alex.helper.recycler.LayoutType.HLinearLayout, org.alex.helper.recycler.LayoutType.VLinearLayout, org.alex.helper.recycler.LayoutType.GridLayout, org.alex.helper.recycler.LayoutType.HStaggeredGridLayout, org.alex.helper.recycler.LayoutType.VStaggeredGridLayout}" />
    </annotation>
  </item>
</root>

